-- MySQL dump 10.13  Distrib 8.0.23, for Win64 (x86_64)
--
-- Host: localhost    Database: product_orders
-- ------------------------------------------------------
-- Server version	8.0.23

/*!40101 SET @OLD_CHARACTER_SET_CLIENT=@@CHARACTER_SET_CLIENT */;
/*!40101 SET @OLD_CHARACTER_SET_RESULTS=@@CHARACTER_SET_RESULTS */;
/*!40101 SET @OLD_COLLATION_CONNECTION=@@COLLATION_CONNECTION */;
/*!50503 SET NAMES utf8 */;
/*!40103 SET @OLD_TIME_ZONE=@@TIME_ZONE */;
/*!40103 SET TIME_ZONE='+00:00' */;
/*!40014 SET @OLD_UNIQUE_CHECKS=@@UNIQUE_CHECKS, UNIQUE_CHECKS=0 */;
/*!40014 SET @OLD_FOREIGN_KEY_CHECKS=@@FOREIGN_KEY_CHECKS, FOREIGN_KEY_CHECKS=0 */;
/*!40101 SET @OLD_SQL_MODE=@@SQL_MODE, SQL_MODE='NO_AUTO_VALUE_ON_ZERO' */;
/*!40111 SET @OLD_SQL_NOTES=@@SQL_NOTES, SQL_NOTES=0 */;

--
-- Table structure for table `orderdetails`
--

DROP TABLE IF EXISTS `orderdetails`;
/*!40101 SET @saved_cs_client     = @@character_set_client */;
/*!50503 SET character_set_client = utf8mb4 */;
CREATE TABLE `orderdetails` (
  `orderNumber` int NOT NULL,
  `productCode` varchar(15) NOT NULL,
  `quantityOrdered` int NOT NULL,
  `priceEach` decimal(10,2) NOT NULL,
  PRIMARY KEY (`orderNumber`,`productCode`)
) ENGINE=InnoDB DEFAULT CHARSET=utf8mb4 COLLATE=utf8mb4_0900_ai_ci;
/*!40101 SET character_set_client = @saved_cs_client */;

--
-- Dumping data for table `orderdetails`
--

LOCK TABLES `orderdetails` WRITE;
/*!40000 ALTER TABLE `orderdetails` DISABLE KEYS */;
INSERT INTO `orderdetails` VALUES (10100,'S10_1678',30,136.00),(10100,'S12_1666',49,35.29),(10101,'S10_1949',46,44.35),(10102,'S10_1678',39,95.55),(10103,'S10_1678',31,92.46),(10103,'S10_1949',45,63.35),(10103,'S12_3148',26,214.30),(10104,'S10_1678',49,56.55),(10104,'S10_1949',32,53.31),(10104,'S12_1666',33,114.59),(10105,'S10_1678',22,99.31),(10106,'S12_1666',48,43.70),(10107,'S12_1666',20,88.90),(10107,'S12_3148',38,73.12),(10108,'S10_1678',31,87.76),(10108,'S10_1949',34,74.85),(10109,'S12_3148',29,32.10),(10111,'S10_1949',39,91.27),(10112,'S10_1949',29,197.16);
/*!40000 ALTER TABLE `orderdetails` ENABLE KEYS */;
UNLOCK TABLES;

--
-- Table structure for table `orders`
--

DROP TABLE IF EXISTS `orders`;
/*!40101 SET @saved_cs_client     = @@character_set_client */;
/*!50503 SET character_set_client = utf8mb4 */;
CREATE TABLE `orders` (
  `orderNumber` int NOT NULL,
  `orderDate` date DEFAULT NULL,
  `requiredDate` date DEFAULT NULL,
  `shippedDate` date DEFAULT NULL,
  `status` varchar(15) DEFAULT NULL,
  `comments` text,
  PRIMARY KEY (`orderNumber`)
) ENGINE=InnoDB DEFAULT CHARSET=utf8mb4 COLLATE=utf8mb4_0900_ai_ci;
/*!40101 SET character_set_client = @saved_cs_client */;

--
-- Dumping data for table `orders`
--

LOCK TABLES `orders` WRITE;
/*!40000 ALTER TABLE `orders` DISABLE KEYS */;
INSERT INTO `orders` VALUES (10100,'2003-01-06','2003-01-13','2003-01-10','Shipped',NULL),(10101,'2003-01-09','2003-01-18','2003-01-11','Shipped','Check on availability.'),(10102,'2003-01-10','2003-01-18','2003-01-14','Cancelled',NULL),(10103,'2003-01-29','2003-02-07','2003-02-02','Shipped',NULL),(10104,'2003-01-31','2003-02-09','2003-02-01','Shipped',NULL),(10105,'2003-02-11','2003-02-21','2003-02-12','Cancelled',NULL),(10106,'2003-02-17','2003-02-24','2003-02-21','Shipped',NULL),(10107,'2003-02-24','2003-03-03','2003-02-26','Shipped','Difficult to negotiate with customer. We need more marketing materials'),(10108,'2003-03-03','2003-03-12','2003-03-08','Shipped',NULL),(10109,'2003-03-10','2003-03-19','2003-03-11','Shipped','Customer requested that FedEx Ground is used for this shipping'),(10110,'2003-03-18','2003-03-24','2003-03-20','Shipped',NULL),(10111,'2003-03-25','2003-03-31','2003-03-30','Cancelled',NULL),(10112,'2003-03-24','2003-04-03','2003-03-29','Shipped','Customer requested that ad materials (such as posters, pamphlets) be included in the shippment');
/*!40000 ALTER TABLE `orders` ENABLE KEYS */;
UNLOCK TABLES;

--
-- Table structure for table `products`
--

DROP TABLE IF EXISTS `products`;
/*!40101 SET @saved_cs_client     = @@character_set_client */;
/*!50503 SET character_set_client = utf8mb4 */;
CREATE TABLE `products` (
  `productCode` varchar(15) NOT NULL,
  `productName` varchar(70) NOT NULL,
  `productLine` varchar(50) NOT NULL,
  `productVendor` varchar(50) NOT NULL,
  `productDescription` text NOT NULL,
  `quantityInStock` smallint NOT NULL,
  `buyPrice` decimal(10,2) NOT NULL,
  PRIMARY KEY (`productCode`)
) ENGINE=InnoDB DEFAULT CHARSET=utf8mb4 COLLATE=utf8mb4_0900_ai_ci;
/*!40101 SET character_set_client = @saved_cs_client */;

--
-- Dumping data for table `products`
--

LOCK TABLES `products` WRITE;
/*!40000 ALTER TABLE `products` DISABLE KEYS */;
INSERT INTO `products` VALUES ('S10_1678','1969 Harley Davidson Ultimate Chopper','Motorcycles','Min Lin Diecast','This replica features working kickstand, front suspension, gear-shift lever, footbrake lever, drive chain, wheels and steering. All parts are particularly delicate due to their precise scale and require special care and attention.',7933,48.81),('S10_1949','1952 Alpine Renault 1300','Classic Cars','Classic Metal Creations','Turnable front wheels; steering function; detailed interior; detailed engine; opening hood; opening trunk; opening doors; and detailed chassis.',7305,98.58),('S10_2016','1996 Moto Guzzi 1100i','Motorcycles','Highway 66 Mini Classics','Official Moto Guzzi logos and insignias, saddle bags located on side of motorcycle, detailed engine, working steering, working suspension, two leather seats, luggage rack, dual exhaust pipes, small saddle bag located on handle bars, two-tone paint with chrome accents, superior die-cast detail , rotating wheels , working kick stand, diecast metal with plastic parts and baked enamel finish.',6625,68.99),('S12_3148','1969 Corvair Monza','Classic Cars','Welly Diecast Productions','1:18 scale die-cast about 10\" long doors open, hood opens, trunk opens and wheels roll',6906,89.14);
/*!40000 ALTER TABLE `products` ENABLE KEYS */;
UNLOCK TABLES;
/*!40103 SET TIME_ZONE=@OLD_TIME_ZONE */;

/*!40101 SET SQL_MODE=@OLD_SQL_MODE */;
/*!40014 SET FOREIGN_KEY_CHECKS=@OLD_FOREIGN_KEY_CHECKS */;
/*!40014 SET UNIQUE_CHECKS=@OLD_UNIQUE_CHECKS */;
/*!40101 SET CHARACTER_SET_CLIENT=@OLD_CHARACTER_SET_CLIENT */;
/*!40101 SET CHARACTER_SET_RESULTS=@OLD_CHARACTER_SET_RESULTS */;
/*!40101 SET COLLATION_CONNECTION=@OLD_COLLATION_CONNECTION */;
/*!40111 SET SQL_NOTES=@OLD_SQL_NOTES */;

-- Dump completed on 2021-11-28 18:11:55
